{
  "accuracy": 0.6666666666666666,
  "f1_macro": 0.5555555555555555,
  "n_train": 7,
  "n_test": 3,
  "labels": [
    "Critical",
    "Major",
    "Minor"
  ]
}